file,code,offset,before_after_hex
kigyo.dat,1308,9532,15 00 00 8A 2A 00 00 B8 08 00 00 84 52 B8 1E 85 7F 00 00 00 00 00 00 06 31 33 30 38 30 31 00 00 00 00 00 00 00 00 00 00 00 00 04 31 32 30 33 00 00 00 7D C6
kigyo.dat,1308,30217,0E 00 00 0C 10 00 00 A3 06 00 00 84 8F C2 F5 28 44 00 00 00 00 00 00 06 31 33 30 38 30 32 00 00 00 00 00 00 00 00 00 00 00 00 04 31 34 30 33 00 00 00 F4 2D
kigyo.dat,1308,31040,0E 00 00 0C 10 00 00 A3 06 00 00 84 8F C2 F5 28 44 00 00 00 00 00 00 06 31 33 30 38 30 32 00 00 00 00 00 00 00 00 00 00 00 00 04 31 34 30 33 00 00 00 F4 2D
kigyo.dat,1308,31863,0E 00 00 0C 10 00 00 A3 06 00 00 84 8F C2 F5 28 44 00 00 00 00 00 00 06 31 33 30 38 30 32 00 00 00 00 00 00 00 00 00 00 00 00 04 31 34 30 33 00 00 00 F4 2D
kigyo.dat,1308,32686,0E 00 00 0C 10 00 00 A3 06 00 00 84 8F C2 F5 28 44 00 00 00 00 00 00 06 31 33 30 38 30 32 00 00 00 00 00 00 00 00 00 00 00 00 04 31 34 30 33 00 00 00 F4 2D
kigyo.dat,1308,33509,0E 00 00 0C 10 00 00 A3 06 00 00 84 8F C2 F5 28 44 00 00 00 00 00 00 06 31 33 30 38 30 32 00 00 00 00 00 00 00 00 00 00 00 00 04 31 34 30 33 00 00 00 F4 2D
kigyo.dat,1308,34332,0E 00 00 0C 10 00 00 A3 06 00 00 84 8F C2 F5 28 44 00 00 00 00 00 00 06 31 33 30 38 30 32 00 00 00 00 00 00 00 00 00 00 00 00 04 31 34 30 33 00 00 00 F4 2D
kigyo.dat,1308,35155,0E 00 00 0C 10 00 00 A3 06 00 00 84 8F C2 F5 28 44 00 00 00 00 00 00 06 31 33 30 38 30 32 00 00 00 00 00 00 00 00 00 00 00 00 04 31 34 30 33 00 00 00 F4 2D
kigyo.dat,1308,35978,0E 00 00 0C 10 00 00 A3 06 00 00 84 8F C2 F5 28 44 00 00 00 00 00 00 06 31 33 30 38 30 32 00 00 00 00 00 00 00 00 00 00 00 00 04 31 34 30 33 00 00 00 F4 2D
kigyo.dat,1308,36801,0E 00 00 0C 10 00 00 A3 06 00 00 84 8F C2 F5 28 44 00 00 00 00 00 00 06 31 33 30 38 30 32 00 00 00 00 00 00 00 00 00 00 00 00 04 31 34 30 33 00 00 00 F4 2D
kigyo.dat,1308,37624,0E 00 00 0C 10 00 00 A3 06 00 00 84 8F C2 F5 28 44 00 00 00 00 00 00 06 31 33 30 38 30 32 00 00 00 00 00 00 00 00 00 00 00 00 04 31 34 30 33 00 00 00 F4 2D
kigyo.dat,1308,38447,0E 00 00 0C 10 00 00 A3 06 00 00 84 8F C2 F5 28 44 00 00 00 00 00 00 06 31 33 30 38 30 32 00 00 00 00 00 00 00 00 00 00 00 00 04 31 34 30 33 00 00 00 F4 2D
kigyo.dat,1308,39270,0E 00 00 0C 10 00 00 A3 06 00 00 84 8F C2 F5 28 44 00 00 00 00 00 00 06 31 33 30 38 30 32 00 00 00 00 00 00 00 00 00 00 00 00 04 31 34 30 33 00 00 00 F4 2D
kigyo.dat,1308,40093,0E 00 00 0C 10 00 00 A3 06 00 00 84 8F C2 F5 28 44 00 00 00 00 00 00 06 31 33 30 38 30 32 00 00 00 00 00 00 00 00 00 00 00 00 04 31 34 30 33 00 00 00 F4 2D
kigyo.dat,1308,137920,0E 00 00 F4 0E 00 00 20 08 00 00 86 29 5C 8F C2 32 00 00 00 00 00 00 06 31 33 30 38 30 35 00 00 00 00 00 00 00 00 00 00 00 00 04 31 32 30 33 00 00 00 AD 3F
kigyo.dat,1308,175065,05 00 00 2B 06 00 00 F0 02 00 00 83 71 3D 0A D7 73 00 00 00 00 00 00 06 31 33 30 38 30 36 00 00 00 00 00 00 00 00 00 00 00 00 04 31 34 30 33 00 00 00 5E 1C
kigyo.dat,1308,176711,01 00 00 CD 01 00 00 80 00 00 00 81 29 5C 8F C2 15 00 00 00 00 00 00 06 31 33 30 38 30 38 00 00 00 00 00 00 00 00 00 00 00 00 04 31 34 30 33 00 00 00 59 6A
kigyo.dat,1308,354479,05 00 00 04 05 00 00 06 FE FF FF 8C 14 AE 47 A1 9D 00 00 00 00 00 00 06 31 33 30 38 30 38 00 00 00 00 00 00 00 00 00 00 00 00 04 31 33 30 39 00 00 00 6A 8C
kigyo.dat,1308,1180826,00 00 00 6A 6A 00 00 CD 46 00 00 85 AE 47 E1 7A 42 00 00 00 00 00 00 06 31 33 30 38 30 35 00 00 00 00 00 00 00 00 00 00 00 00 04 31 34 30 33 00 00 00 C0 25
kigyo.dat,1308,1483635,07 00 00 29 08 00 00 D0 04 00 00 8B 1F 85 EB 29 02 00 00 00 00 00 00 06 31 33 30 38 30 32 00 00 00 00 00 00 00 00 00 00 00 00 04 31 34 30 33 00 00 00 A7 B3
kigyo.dat,1308,1644065,03 00 00 FC 02 00 00 BE 02 00 00 84 5C 8F C2 F5 7C 00 00 00 00 00 00 06 31 33 30 38 30 32 00 00 00 00 00 00 00 00 00 00 00 00 04 31 33 30 33 00 00 00 13 79
kigyo.dat,1308,1798021,0E 00 00 0C 10 00 00 A3 06 00 00 84 8F C2 F5 28 44 00 00 00 00 00 00 06 31 33 30 38 30 32 00 00 00 00 00 00 00 00 00 00 00 00 04 31 34 30 33 00 00 00 F4 2D
kigyo.dat,1308,1798844,0E 00 00 0C 10 00 00 A3 06 00 00 84 8F C2 F5 28 44 00 00 00 00 00 00 06 31 33 30 38 30 32 00 00 00 00 00 00 00 00 00 00 00 00 04 31 34 30 33 00 00 00 F4 2D
kigyo.dat,1308,1799667,0E 00 00 0C 10 00 00 A3 06 00 00 84 8F C2 F5 28 44 00 00 00 00 00 00 06 31 33 30 38 30 32 00 00 00 00 00 00 00 00 00 00 00 00 04 31 34 30 33 00 00 00 F4 2D
kigyo.dat,1308,1800490,0E 00 00 0C 10 00 00 A3 06 00 00 84 8F C2 F5 28 44 00 00 00 00 00 00 06 31 33 30 38 30 32 00 00 00 00 00 00 00 00 00 00 00 00 04 31 34 30 33 00 00 00 F4 2D
kigyo.dat,1308,2038904,00 00 00 7A 00 00 00 00 00 00 00 00 00 00 00 00 00 00 00 00 00 00 00 04 31 33 30 38 00 00 00 00 00 00 00 00 00 00 00 00 00 00 00 00 00 00 00 00 00 00 00 00
kigyo.dat,1308,2038959,00 00 00 00 00 00 00 00 00 00 00 00 00 00 00 00 00 00 00 00 00 00 00 04 31 33 30 38 00 01 00 00 00 00 00 00 00 00 00 00 00 00 00 00 00 00 00 00 00 00 00 00
kigyo.dat,1308,2039234,00 00 00 00 06 32 30 31 33 2F 30 00 00 00 00 00 00 00 00 00 00 00 00 04 31 33 30 38 00 00 00 44 48 00 00 52 03 00 00 B0 04 00 00 44 02 00 00 00 00 00 00 00
kigyo.dat,1308,2110651,01 00 00 DE 01 00 00 0A 01 00 00 87 29 5C 8F C2 08 00 00 00 00 00 00 06 31 33 30 38 30 39 00 00 00 00 00 00 00 00 00 00 00 00 04 31 32 30 33 00 00 00 B9 6C
kigyo.dat,1308,2166414,00 00 00 20 00 00 00 00 00 00 00 00 00 00 00 00 00 00 00 00 00 00 00 04 31 33 30 38 00 00 00 26 1D 00 00 03 02 00 00 0D 02 00 00 33 01 00 00 87 66 66 66 66
kigyo.dat,1001,252061,00 00 00 61 00 00 00 00 00 00 00 00 00 00 00 00 00 00 00 00 00 00 00 04 31 30 30 31 00 00 00 CC 7D 00 00 0F 08 00 00 10 08 00 00 25 03 00 00 8D 0A D7 A3 1A
kigyo.dat,1001,252391,00 00 00 00 06 30 39 30 33 30 39 00 00 00 00 00 00 00 00 00 00 00 00 04 31 30 30 31 00 00 00 89 85 00 00 B4 08 00 00 AC 08 00 00 88 03 00 00 8D D7 A3 70 CD
kigyo.dat,1001,252556,00 00 00 00 06 32 30 31 31 94 4E 00 00 00 00 00 00 00 00 00 00 00 00 04 31 30 30 31 00 00 00 00 00 00 00 00 00 00 00 00 00 00 00 00 00 00 00 00 00 00 00 00
kigyo.dat,1001,305721,00 00 00 00 00 00 00 00 00 00 00 00 00 00 00 00 00 00 00 00 00 00 00 00 31 30 30 31 00 00 00 00 00 00 00 00 00 00 00 00 00 00 00 00 00 00 00 00 00 00 00 00
kigyo.dat,1001,306051,00 00 00 00 00 00 00 00 00 00 00 00 00 00 00 00 00 00 00 00 00 00 00 00 31 30 30 31 00 00 00 00 00 00 00 00 00 00 00 00 00 00 00 00 00 00 00 00 00 00 00 00
kigyo.dat,1001,767570,C0 FD FF CB 6C FD FF 4A 45 FD FF 8B B8 1E 85 A3 A8 00 00 00 00 00 00 06 31 30 30 31 32 38 00 00 00 00 00 00 00 00 00 00 00 00 04 31 30 30 33 00 00 00 09 20
kigyo.dat,1001,1250250,00 92 18 00 00 00 00 00 00 00 00 86 00 00 00 00 08 00 00 00 00 00 00 04 31 30 30 31 00 00 00 72 35 01 00 FB 0B 00 00 7F 08 00 00 55 0D 00 00 00 00 00 00 00
kigyo.dat,1001,1250580,00 00 00 00 00 00 00 00 00 00 00 00 00 00 00 00 00 00 00 00 00 00 00 04 31 30 30 31 00 00 00 87 3B 01 00 DA 0B 00 00 59 08 00 00 2E 0D 00 00 87 3D 0A D7 A3
kigyo.dat,1001,1250855,00 00 00 00 06 32 30 31 33 2F 30 00 00 00 00 00 00 00 00 00 00 00 00 04 31 30 30 31 00 00 00 00 00 00 00 00 00 00 00 00 00 00 00 00 00 00 00 00 00 00 00 00
kigyo.dat,1001,1982392,00 00 00 00 00 00 00 00 00 00 00 00 00 00 00 00 00 00 00 00 00 00 00 02 31 30 30 31 00 04 00 00 00 00 00 00 00 00 00 00 00 00 00 00 00 00 00 00 00 00 00 00
kigyo.dat,1001,2228029,00 00 00 00 00 00 00 00 00 00 00 00 00 00 00 00 00 00 00 00 00 00 00 04 31 30 30 31 00 00 00 52 11 00 00 A7 FE FF FF AE FE FF FF F8 FE FF FF 8C 85 EB 51 A4
kigyo.dat,1001,2228359,00 00 00 00 00 00 00 00 00 00 00 00 00 00 00 00 00 00 00 00 00 00 00 04 31 30 30 31 00 00 00 52 11 00 00 A7 FE FF FF AE FE FF FF F8 FE FF FF 8C 5C 8F C2 21
kigyo.dat,1001,2230553,00 00 00 20 00 00 00 00 00 00 00 00 00 00 00 00 00 00 00 00 00 00 00 04 31 30 30 31 00 00 00 BC 8C 00 00 BB 03 00 00 37 03 00 00 E3 01 00 00 88 C3 F5 28 DC
kigyo.dat,1001,2230883,00 00 00 00 00 00 00 00 00 00 00 00 00 00 00 00 00 00 00 00 00 00 00 04 31 30 30 31 00 04 00 00 00 00 00 00 00 00 00 00 00 00 00 00 00 00 00 00 00 00 00 00
kigyo.dat,1001,2326734,00 00 00 00 00 00 00 00 00 00 00 00 00 00 00 00 00 00 00 00 00 00 00 04 31 30 30 31 00 00 00 4C 10 03 00 7E 48 00 00 86 46 00 00 DA 27 00 00 89 52 B8 1E 25
kigyo.dat,1001,2327064,00 00 00 00 00 00 00 00 00 00 00 00 00 00 00 00 00 00 00 00 00 00 00 04 31 30 30 31 00 00 00 00 00 00 00 00 00 00 00 00 00 00 00 00 00 00 00 00 00 00 00 00
kigyo.dat,1001,3700926,00 00 00 00 00 00 00 00 00 00 00 00 00 00 00 00 00 00 00 00 00 00 00 04 31 30 30 31 00 00 00 00 00 00 00 00 00 00 00 00 00 00 00 00 00 00 00 00 00 00 00 00
kigyo.dat,1010,314152,3B 00 00 9B 38 00 00 52 1D 00 00 85 D7 A3 70 3D 7E 00 00 00 00 00 00 06 31 30 31 30 32 38 00 00 00 00 00 00 00 00 00 00 00 00 04 31 31 30 33 00 00 00 86 B1
kigyo.dat,1010,360185,19 00 00 58 18 00 00 75 0C 00 00 8E 9A 99 99 07 43 00 00 00 00 00 00 06 31 30 31 30 32 37 00 00 00 00 00 00 00 00 00 00 00 00 04 31 31 30 33 00 00 00 FE 59
kigyo.dat,1010,535063,00 0C 17 00 00 00 00 00 00 00 00 86 00 00 9A 99 2D 00 00 00 00 00 00 04 31 30 31 30 00 00 00 4B 52 00 00 6D 05 00 00 EB 07 00 00 70 05 00 00 85 85 EB 51 B8
kigyo.dat,1010,535393,00 00 00 00 00 00 00 00 00 00 00 00 00 00 00 00 00 00 00 00 00 00 00 04 31 30 31 30 00 00 00 7E 76 00 00 46 08 00 00 27 0B 00 00 E2 06 00 00 86 CD CC CC CC
kigyo.dat,1010,1018987,00 86 10 00 00 00 00 00 00 00 00 86 00 00 00 00 14 00 00 00 00 00 00 04 31 30 31 30 00 00 00 E2 3B 00 00 73 00 00 00 94 FF FF FF 77 01 00 00 84 29 5C 8F C2
kigyo.dat,1010,1019317,00 00 00 00 00 00 00 00 00 00 00 00 00 00 00 00 00 00 00 00 00 00 00 04 31 30 31 30 00 00 00 CD 40 00 00 CD 00 00 00 A3 00 00 00 B3 01 00 00 85 B8 1E 85 EB
kigyo.dat,1010,1276789,00 00 00 00 00 00 00 00 00 00 00 00 00 00 00 00 00 00 00 00 00 06 30 38 31 30 31 30 00 00 00 00 00 00 00 00 00 00 00 00 02 30 31 30 32 00 00 00 00 00 00 00
kigyo.dat,1010,1435079,00 00 78 03 00 00 26 05 00 00 87 8F C2 F5 28 3F 00 00 00 00 00 00 06 31 31 30 31 30 37 00 00 00 00 00 00 00 00 00 00 00 00 04 31 31 30 32 00 00 00 01 36 00
kigyo.dat,1010,1450239,00 80 16 00 00 00 00 00 00 00 00 86 00 00 CD CC 0C 00 00 00 00 00 00 04 31 30 31 30 00 00 00 0A 45 00 00 F0 03 00 00 FC 03 00 00 27 02 00 00 87 29 5C 8F 42
kigyo.dat,1010,1450569,00 00 00 00 00 00 00 00 00 00 00 00 00 00 00 00 00 00 00 00 00 00 00 04 31 30 31 30 00 00 00 E0 7C 00 00 C5 04 00 00 D9 04 00 00 78 02 00 00 87 29 5C 8F 42
kigyo.dat,1010,1526888,00 00 00 61 00 00 00 00 00 00 00 00 00 00 00 00 00 00 00 00 00 00 00 04 31 30 31 30 00 00 00 A1 0A 00 00 FB 01 00 00 F8 01 00 00 27 01 00 00 8E B8 1E 85 30
kigyo.dat,1010,1527218,00 00 00 00 00 00 00 00 00 00 00 00 00 00 00 00 00 00 00 00 00 00 00 04 31 30 31 30 00 00 00 00 00 00 00 00 00 00 00 00 00 00 00 00 00 00 00 00 00 00 00 00
kigyo.dat,1010,1789736,01 00 00 3C 02 00 00 96 02 00 00 86 0A D7 A3 70 0F 00 00 00 00 00 00 06 31 30 31 30 32 39 00 00 00 00 00 00 00 00 00 00 00 00 04 31 31 30 33 00 00 00 1F 71
kigyo.dat,1010,2328490,00 00 00 00 00 00 00 00 00 00 00 00 00 00 00 00 00 00 00 00 00 00 00 04 31 30 31 30 00 00 00 00 00 00 00 00 00 00 00 00 00 00 00 00 00 00 00 00 00 00 00 00
kigyo.dat,1010,2328820,00 00 00 00 00 00 00 00 00 00 00 00 00 00 00 00 00 00 00 00 00 00 00 04 31 30 31 30 00 00 00 00 00 00 00 00 00 00 00 00 00 00 00 00 00 00 00 00 00 00 00 00
kigyo.dat,1010,2426482,00 00 00 16 00 00 00 00 00 00 00 00 00 00 00 00 00 00 00 00 00 00 00 04 31 30 31 30 00 00 00 38 01 00 00 D6 FF FF FF 44 00 00 00 4B 00 00 00 8C E1 7A 14 46
kigyo.dat,1010,2426812,00 00 00 00 00 00 00 00 00 00 00 00 00 00 00 00 00 00 00 00 00 00 00 04 31 30 31 30 00 00 00 79 0B 00 00 05 00 00 00 DB FF FF FF D7 FF FF FF 8B 71 3D 0A DF
kigyo.dat,1010,2431293,00 7F 01 00 00 D9 00 00 00 8B 14 AE 47 41 48 89 00 00 00 00 3E 06 30 38 31 30 31 30 00 00 00 00 00 00 00 00 00 00 00 00 04 30 39 30 33 00 00 00 A3 2D 00 00
kigyo.dat,1010,2833356,00 00 0D 01 00 00 2A 01 00 00 8D 8F C2 F5 36 2C 00 00 00 00 00 00 06 31 31 30 31 30 37 00 00 00 00 00 00 00 00 00 00 00 00 04 31 31 30 32 00 00 00 BF 29 00
kigyo.dat,1010,2999125,00 DC 0A 00 00 00 00 00 00 00 00 85 00 00 33 33 77 00 00 00 00 00 00 04 31 30 31 30 00 00 00 00 00 00 00 00 00 00 00 00 00 00 00 00 00 00 00 00 00 00 00 00
kigyo.dat,1010,2999455,00 00 00 00 00 00 00 00 00 00 00 00 00 00 00 00 00 00 00 00 00 00 00 04 31 30 31 30 00 00 00 00 00 00 00 00 00 00 00 00 00 00 00 00 00 00 00 00 00 00 00 00
kigyo.dat,1010,3049749,01 00 00 AB 00 00 00 4F 00 00 00 8C C3 F5 28 8C 41 00 00 00 00 00 00 06 31 30 31 30 32 36 00 00 00 00 00 00 00 00 00 00 00 00 04 31 31 30 33 00 00 00 EF 0D
kigyo.dat,3032,2207053,00 00 1E 05 00 00 BE 02 00 00 87 B8 1E 85 6B 34 00 00 00 00 00 00 06 31 33 30 33 32 39 00 00 00 00 00 00 00 00 00 00 00 00 04 31 33 30 35 00 00 00 9D 2E 00
kigyo3.dat,1308,89522,0B 00 00 D4 0A 00 00 E3 04 00 00 85 8F C2 F5 28 1C 00 00 00 00 00 00 06 31 33 30 38 30 38 00 00 00 00 00 00 00 00 00 00 00 00 04 31 38 31 32 00 00 00 27 4F
kigyo3.dat,1308,102062,07 00 00 76 07 00 00 36 04 00 00 8D C3 F5 28 C0 66 00 00 00 00 00 00 06 31 33 30 38 30 39 00 00 00 00 00 00 00 00 00 00 00 00 04 31 38 30 33 00 00 00 00 00
kigyo3.dat,1308,103327,4D 00 00 15 49 00 00 04 2B 00 00 86 AE 47 E1 7A 5B 00 00 00 00 00 00 06 31 33 30 38 30 32 00 00 00 00 00 00 00 00 00 00 00 00 04 31 38 30 33 00 00 00 80 3C
kigyo3.dat,1308,148592,13 00 00 8D 14 00 00 C1 0B 00 00 88 CD CC CC 4C 17 00 00 00 00 00 00 06 31 33 30 38 30 37 00 00 00 00 00 00 00 00 00 00 00 00 04 31 38 31 32 00 00 00 5B 49
kigyo3.dat,1308,313702,FE FF FF D2 FD FF FF B4 FD FF FF 86 E1 7A 14 AE D7 00 00 00 00 00 00 06 31 33 30 38 30 39 00 00 00 00 00 00 00 00 00 00 00 00 04 31 39 30 39 00 00 00 86 0E
kigyo3.dat,1308,441651,00 00 00 00 00 00 00 00 00 00 00 00 00 00 00 00 00 00 00 00 00 00 00 04 31 33 30 38 00 00 00 00 00 00 00 00 00 00 00 00 00 00 00 00 00 00 00 00 00 00 00 00
kigyo3.dat,1308,582597,04 00 00 5E 04 00 00 53 02 00 00 86 F6 28 5C 8F 3A 00 00 00 00 00 00 06 31 33 30 38 30 36 00 00 00 00 00 00 00 00 00 00 00 00 04 2D 36 8C 8E 00 00 00 60 5B
kigyo3.dat,1308,588042,FF FF FF C9 FF FF FF C2 FF FF FF 83 E1 7A 14 AE C7 00 00 00 00 00 00 06 31 33 30 38 31 32 00 00 00 00 00 00 00 00 00 00 00 00 04 31 36 30 33 00 00 00 CF 66
kigyo3.dat,1308,594147,FF FF FF C0 FF FF FF C3 FF FF FF 82 5C 8F C2 F5 F8 00 00 00 00 00 00 06 31 33 30 38 30 39 00 00 00 00 00 00 00 00 00 00 00 00 04 31 34 30 33 00 00 00 61 4F
kigyo3.dat,1308,640897,05 00 00 5E 05 00 00 C2 04 00 00 86 33 33 33 33 5D 00 00 00 00 00 00 06 31 33 30 38 30 35 00 00 00 00 00 00 00 00 00 00 00 00 04 31 37 30 33 00 00 00 C7 8F
kigyo3.dat,1308,662622,03 00 00 94 01 00 00 11 02 00 00 84 8F C2 F5 28 40 00 00 00 00 00 00 06 31 33 30 38 30 39 00 00 00 00 00 00 00 00 00 00 00 00 04 30 35 30 33 00 04 00 68 8F
kigyo3.dat,1308,714927,09 00 00 CA 09 00 00 B3 04 00 00 86 F6 28 5C 8F 56 00 00 00 00 00 00 06 31 33 30 38 30 32 00 00 00 00 00 00 00 00 00 00 00 00 04 31 38 30 33 00 00 00 EC 45
kigyo3.dat,1308,722737,00 00 00 29 00 00 00 2F 00 00 00 83 E1 7A 14 AE 47 00 00 00 00 00 00 06 31 33 30 38 30 39 00 00 00 00 00 00 00 00 00 00 00 00 04 31 36 30 39 00 00 00 61 1A
kigyo3.dat,1308,729942,02 00 00 FA 00 00 00 4B FD FF FF 84 C3 F5 28 5C AB 00 00 00 00 00 00 06 31 33 30 38 30 39 00 00 00 00 00 00 00 00 00 00 00 00 04 30 35 30 33 00 04 00 00 00
kigyo3.dat,1308,791157,00 00 00 00 00 00 00 00 00 00 00 00 00 00 00 00 00 00 00 00 00 00 00 06 31 33 30 38 30 35 00 00 00 00 00 00 00 00 00 00 00 00 04 31 39 30 33 00 00 00 00 00
kigyo3.dat,1308,796657,01 00 00 32 01 00 00 0A 01 00 00 85 71 3D 0A D7 0D 00 00 00 00 00 00 06 31 33 30 38 30 38 00 00 00 00 00 00 00 00 00 00 00 00 04 31 33 31 32 00 00 00 2B 19
kigyo3.dat,1308,820051,00 00 00 00 00 00 00 00 00 00 00 00 00 00 00 00 00 00 00 00 00 00 00 04 31 33 30 38 00 04 00 00 00 00 00 00 00 00 00 00 00 00 00 00 00 00 00 00 00 00 00 00
kigyo3.dat,1308,820747,02 00 00 CE 01 00 00 3D 01 00 00 89 52 B8 1E 25 0F 00 00 00 00 00 00 06 31 33 30 38 31 32 00 00 00 00 00 00 00 00 00 00 00 00 04 31 37 31 32 00 00 00 4C 2A
kigyo3.dat,1308,823112,00 00 00 06 00 00 00 10 00 00 00 81 33 33 33 33 33 00 00 00 00 00 00 06 31 33 30 38 31 33 00 00 00 00 00 00 00 00 00 00 00 00 04 31 36 30 33 00 00 00 A4 10
kigyo3.dat,1308,828117,02 00 00 16 04 00 00 AB 02 00 00 86 5C 8F C2 F5 3B 00 00 00 00 00 00 06 31 33 30 38 30 39 00 00 00 00 00 00 00 00 00 00 00 00 04 31 36 30 33 00 00 00 6D 57
kigyo3.dat,1308,835102,05 00 00 D9 06 00 00 47 03 00 00 87 8F C2 F5 A8 7B 00 00 00 00 00 00 06 31 33 30 38 30 36 00 00 00 00 00 00 00 00 00 00 00 00 04 31 33 30 39 00 00 00 0D 4B
kigyo3.dat,1308,835561,00 00 00 00 00 00 00 00 00 00 00 00 00 00 00 00 00 00 00 00 00 00 00 04 31 33 30 38 00 04 00 00 00 00 00 00 00 00 00 00 00 00 00 00 00 00 00 00 00 00 00 00
kigyo3.dat,1308,838292,08 00 00 5E 09 00 00 20 03 00 00 87 D7 A3 70 BD 07 00 00 00 00 00 00 06 31 33 30 38 33 30 00 00 00 00 00 00 00 00 00 00 00 00 04 31 33 31 30 00 00 00 1A 53
kigyo3.dat,1308,872411,00 00 00 00 00 00 00 00 00 00 00 00 00 00 00 00 00 00 00 00 00 00 00 04 31 33 30 38 00 00 00 00 00 00 00 00 00 00 00 00 00 00 00 00 00 00 00 00 00 00 00 00
kigyo3.dat,1308,883612,02 00 00 31 02 00 00 BE 00 00 00 8C 5C 8F C2 A5 62 00 00 00 00 00 00 06 31 33 30 38 30 32 00 00 00 00 00 00 00 00 00 00 00 00 04 31 36 31 32 00 00 00 CE 1A
kigyo3.dat,1308,889772,00 00 00 00 09 00 00 D8 03 00 00 88 1F 85 EB 51 2E 00 00 00 00 00 00 06 31 33 30 38 30 38 00 00 00 00 00 00 00 00 00 00 00 00 04 31 38 31 32 00 00 00 C1 58
kigyo3.dat,1308,903742,01 00 00 2B 01 00 00 85 00 00 00 8C B8 1E 85 53 2A 00 00 00 00 00 00 06 31 33 30 38 30 39 00 00 00 00 00 00 00 00 00 00 00 00 04 31 38 31 32 00 00 00 EE 4F
kigyo3.dat,1308,940556,00 00 00 00 06 31 31 30 37 31 34 00 00 00 00 00 00 00 00 00 00 00 00 04 31 33 30 38 00 00 00 E4 19 00 00 8E 02 00 00 9A 02 00 00 1D 01 00 00 8D AE 47 E1 7C
kigyo3.dat,1308,948182,02 00 00 3B 02 00 00 9F 00 00 00 85 9A 99 99 99 75 00 00 00 00 00 00 06 31 33 30 38 31 32 00 00 00 00 00 00 00 00 00 00 00 00 04 31 38 30 39 00 00 00 D7 10
kigyo3.dat,1308,948586,00 00 00 00 00 00 00 00 00 00 00 00 00 00 00 00 00 00 00 00 00 00 00 04 31 33 30 38 00 00 00 E7 46 00 00 C0 0A 00 00 FC 0A 00 00 C1 05 00 00 88 7B 14 AE 07
kigyo3.dat,1001,170042,F6 FF FF E0 F6 FF FF 4C F4 FF FF 8F 7B 14 2E 7A F5 00 00 00 00 00 00 06 31 30 30 31 32 35 00 00 00 00 00 00 00 00 00 00 00 00 04 31 37 30 33 00 00 00 3C 0A
kigyo3.dat,1001,296709,00 F3 47 00 00 CE 26 00 00 86 B8 1E 85 EB 1F 00 00 00 00 00 00 06 31 35 31 30 30 31 00 00 00 00 00 00 00 00 00 00 00 00 04 31 37 31 31 00 00 00 71 54 03 00
kigyo3.dat,1001,925596,00 00 00 00 00 00 00 00 00 00 00 00 00 00 00 00 00 00 00 00 00 00 00 04 31 30 30 31 00 00 00 6E 1A 00 00 1D 00 00 00 1A 00 00 00 03 00 00 00 89 F6 28 5C AF
kigyo3.dat,1001,1037064,00 79 02 00 00 C3 01 00 00 86 00 00 00 00 7A 00 00 00 00 00 00 06 31 35 31 30 30 31 00 00 00 00 00 00 00 00 00 00 00 00 04 32 31 30 32 00 00 00 00 00 00 00
kigyo3.dat,1001,1086966,00 00 00 00 06 31 30 31 32 31 30 00 00 00 00 00 00 00 00 00 00 00 00 04 31 30 30 31 00 00 00 E6 2B 00 00 54 01 00 00 70 01 00 00 4E 00 00 00 83 C3 F5 28 5C
kigyo3.dat,1001,1123926,00 00 00 00 00 00 00 00 00 00 00 00 00 00 00 00 00 00 00 00 00 00 00 04 31 30 30 31 00 00 00 F0 1B 00 00 F0 00 00 00 FA 00 00 00 D7 FF FF FF 84 52 B8 1E 85
kigyo3.dat,1001,1344404,00 6F 6E 00 00 FA 5E 00 00 87 33 33 33 B3 0B 00 00 00 00 00 00 06 31 36 31 30 30 31 00 00 00 00 00 00 00 00 00 00 00 00 04 31 36 30 39 00 00 00 B4 14 00 00
kigyo3.dat,1001,1483901,00 00 00 00 00 00 00 00 00 00 00 00 00 00 00 00 00 00 00 00 00 00 00 04 31 30 30 31 00 00 00 69 54 03 00 1A AE FE FF 93 3F FE FF 88 77 FE FF 88 5C 8F C2 75
kigyo3.dat,1010,80448,00 00 BB 11 00 00 2F 0B 00 00 87 E1 7A 14 2E 48 00 00 00 00 00 00 06 31 31 30 31 30 37 00 00 00 00 00 00 00 00 00 00 00 00 04 31 30 30 32 00 00 00 71 13 02
kigyo3.dat,1010,119829,00 87 17 00 00 12 0D 00 00 86 3D 0A D7 A3 30 00 00 00 00 00 00 06 31 34 31 30 31 30 00 00 00 00 00 00 00 00 00 00 00 00 04 31 37 31 31 00 00 00 7D 88 01 00
kigyo3.dat,1010,311887,3F FF FF 83 2B FF FF 90 23 FF FF 89 00 00 00 E0 89 00 00 00 00 00 00 06 31 30 31 30 32 37 00 00 00 00 00 00 00 00 00 00 00 00 04 31 37 31 32 00 00 00 EA 5C
kigyo3.dat,1010,346537,00 01 00 C9 5D 00 00 53 37 00 00 83 A4 70 3D 0A 07 00 00 00 00 00 00 06 31 30 31 30 32 39 00 00 00 00 00 00 00 00 00 00 00 00 04 31 37 30 33 00 00 00 DA 4E
kigyo3.dat,1010,440533,00 00 A0 1D 00 00 35 1B 00 00 86 33 33 33 33 5F 00 00 00 00 00 00 06 31 31 30 31 30 37 00 00 00 00 00 00 00 00 00 00 00 00 04 31 36 31 32 00 00 00 B9 E7 01
kigyo3.dat,1010,443173,00 00 CF 17 00 00 C8 0A 00 00 86 0A D7 A3 70 2A 00 00 00 00 00 00 06 31 31 30 31 30 37 00 00 00 00 00 00 00 00 00 00 00 00 04 31 37 30 32 00 00 00 0B 95 00
kigyo3.dat,1010,449443,FF FF 96 ED FF FF 93 D1 FF FF 86 EC 51 B8 1E EF 00 00 00 00 00 00 06 31 31 30 31 30 37 00 00 00 00 00 00 00 00 00 00 00 00 04 30 35 30 32 00 04 00 D6 91 05
kigyo3.dat,1010,571873,00 00 E3 05 00 00 C4 03 00 00 86 EC 51 B8 1E 7C 00 00 00 00 00 00 06 31 31 30 31 30 37 00 00 00 00 00 00 00 00 00 00 00 00 04 31 36 30 33 00 00 00 5B 34 01
kigyo3.dat,1010,581387,0A 00 00 D4 07 00 00 77 04 00 00 86 CD CC CC CC 00 00 00 00 00 00 00 06 31 30 31 30 32 39 00 00 00 00 00 00 00 00 00 00 00 00 04 31 30 30 33 00 00 00 98 67
kigyo3.dat,1010,680499,00 5E 08 00 00 05 0D 00 00 88 F6 28 5C CF 5C 00 00 00 00 00 00 06 31 33 31 30 31 30 00 00 00 00 00 00 00 00 00 00 00 00 04 31 37 31 31 00 00 00 E0 DD 00 00
kigyo3.dat,1010,713828,00 00 3C 03 00 00 C9 01 00 00 86 1F 85 EB 51 1E 00 00 00 00 00 00 06 31 31 30 31 30 37 00 00 00 00 00 00 00 00 00 00 00 00 04 31 38 30 32 00 00 00 53 46 01
kigyo3.dat,1010,848909,00 0D 01 00 00 B1 00 00 00 84 AE 47 E1 7A 38 00 00 00 00 00 00 06 31 34 31 30 31 30 00 00 00 00 00 00 00 00 00 00 00 00 04 32 30 30 32 00 00 00 95 47 00 00
kigyo3.dat,1010,937238,00 00 45 05 00 00 1C 02 00 00 8E 29 5C 8F 46 1D 00 00 00 00 00 00 06 31 31 30 31 30 36 00 00 00 00 00 00 00 00 00 00 00 00 04 31 32 30 33 00 00 00 51 00 01
kigyo3.dat,1010,1164608,00 00 0F 01 00 00 10 00 00 00 81 3D 0A D7 A3 10 00 00 00 00 00 00 06 31 31 30 31 30 37 00 00 00 00 00 00 00 00 00 00 00 00 04 31 38 30 32 00 00 00 F9 75 00
kigyo3.dat,1010,1170896,00 00 00 00 06 30 39 30 35 31 35 00 00 00 00 00 00 00 00 00 00 00 00 04 31 30 31 30 00 00 00 B1 2A 00 00 F6 00 00 00 14 01 00 00 56 00 00 00 84 5C 8F C2 F5
kigyo3.dat,1010,1175497,01 00 00 81 01 00 00 2D FE FF FF 87 48 E1 7A 14 69 00 00 00 00 00 00 06 31 30 31 30 32 38 00 00 00 00 00 00 00 00 00 00 00 00 04 31 32 31 32 00 00 00 63 3A
kigyo3.dat,1010,1196344,00 D4 0E 00 00 13 07 00 00 88 8F C2 F5 A8 37 00 00 00 00 00 00 06 31 34 31 30 31 30 00 00 00 00 00 00 00 00 00 00 00 00 04 31 39 30 32 00 00 00 BD 0E 01 00
kigyo3.dat,1010,1328619,00 23 04 00 00 E3 01 00 00 87 C3 F5 28 5C 0C 00 00 00 00 00 00 06 31 34 31 30 31 30 00 00 00 00 00 00 00 00 00 00 00 00 04 31 37 31 31 00 00 00 0F C5 00 00
kigyo3.dat,3032,110863,00 00 0D 02 00 00 CA 00 00 00 87 14 AE 47 E1 05 00 00 00 00 00 00 06 31 33 30 33 32 39 00 00 00 00 00 00 00 00 00 00 00 00 04 31 36 30 33 00 00 00 82 6D 00
kigyo3.dat,3032,355503,00 00 4A 11 00 00 88 05 00 00 84 8F C2 F5 28 6C 00 00 00 00 00 00 06 31 33 30 33 32 32 00 00 00 00 00 00 00 00 00 00 00 00 04 31 38 31 32 00 00 00 00 00 00
kigyo3.dat,3032,1149098,00 00 29 01 00 00 97 00 00 00 85 CD CC CC CC 5A 00 00 00 00 00 00 06 31 33 30 33 32 39 00 00 00 00 00 00 00 00 00 00 00 00 04 31 37 30 35 00 00 00 6E 14 00
Zaimu.dat,7203,4400337,38 34 37 32 33 3A 39 32 31 33 36 2C 35 31 31 36 36 2C 35 38 36 34 37 2C 37 32 30 33 33 3A 39 30 37 38 38 2C 34 39 35 32 37 2C 35 38 30 38 39 2C 37 31 33 32
Zaimu.dat,6506,6937697,31 39 94 4E 33 8C 8E 3A 31 33 33 39 37 31 2C 31 32 34 38 31 37 2C 31 32 36 35 30 36 2C 31 32 36 32 38 36 3A 2D 2D 2D 2C 2D 2D 2D 2C 2D 2D 2D 2C 2D 2D 2D 3A
Zaimu.dat,6506,8365281,8E 2C 32 30 31 39 94 4E 33 8C 8E 3A 37 31 31 38 38 2C 36 36 31 38 34 2C 36 35 30 36 33 2C 36 31 35 37 33 3A 31 31 34 31 34 2C 39 38 34 32 2C 39 35 34 35 2C
Zaimu.dat,6506,15770378,83 62 83 76 83 58 82 C8 82 C7 8A 43 8A 4F 90 A8 82 C6 92 F1 8C 67 3A 32 36 35 30 36 2C 32 34 30 39 33 2C 32 32 37 30 38 2C 31 39 38 31 31 2C 31 33 32 38 33
Zaimu.dat,1308,2803621,00 00 00 00 00 00 00 00 00 00 00 00 00 00 00 06 32 31 31 31 31 30 32 2F 31 33 30 38 93 FA 00 00 00 00 00 00 06 2D 31 38 2E 39 20 00 00 00 00 00 00 00 00 00
Zaimu.dat,1308,4192097,00 00 00 00 00 00 00 00 00 00 00 00 00 00 00 06 32 31 31 31 30 34 32 2F 31 33 30 38 93 FA 00 00 00 00 00 00 05 32 35 2E 37 20 20 00 00 00 00 00 00 00 00 00
Zaimu.dat,1308,4720109,00 00 00 00 00 00 00 00 00 00 00 00 00 00 00 06 32 31 31 31 30 35 32 2F 31 33 30 38 93 FA 00 00 00 00 00 00 05 35 38 2E 36 20 20 00 00 00 00 00 00 00 00 00
Zaimu.dat,1308,5839690,00 00 00 00 00 00 00 00 00 00 00 00 00 00 00 06 32 31 31 31 31 31 32 2F 31 33 30 38 93 FA 00 00 00 00 00 00 00 2D 31 38 36 2E 33 20 00 00 00 00 00 00 00 00
Zaimu.dat,1308,12850516,00 00 00 00 00 00 00 00 00 00 00 00 00 00 00 06 31 39 30 35 31 34 32 2F 31 33 30 38 93 FA 00 00 00 00 00 00 05 32 35 2E 30 20 20 00 00 00 00 00 00 00 00 00
Zaimu.dat,1308,12967852,00 00 00 00 00 00 00 00 00 00 00 00 00 00 00 06 32 32 30 35 31 31 32 2F 31 33 30 38 93 FA 00 00 00 00 00 00 05 33 35 2E 34 20 20 00 00 00 00 00 00 00 00 00
Zaimu.dat,1308,13060743,00 00 00 00 00 00 00 00 00 00 00 00 00 00 00 06 32 32 30 35 31 33 32 2F 31 33 30 38 93 FA 00 00 00 00 00 00 04 30 2E 35 20 20 00 00 00 00 00 00 00 00 00 00
Zaimu.dat,1308,14591000,00 00 00 00 00 00 00 00 00 00 00 00 00 00 00 06 32 31 30 32 31 30 32 2F 31 33 30 38 93 FA 00 00 00 00 00 00 05 31 31 2E 34 20 20 00 00 00 00 00 00 00 00 00
Zaimu.dat,1308,15256643,2C 31 31 31 31 2C 35 35 38 3A 31 32 38 35 2C 35 35 39 2C 31 30 33 32 2C 31 33 30 38 2C 35 19 68 74 74 70 73 3A 2F 2F 77 77 77 2E 66 72 65 75 6E 64 2E 63 6F
Zaimu.dat,1308,15632357,00 00 00 00 00 00 00 00 00 00 00 00 00 00 00 06 32 31 30 32 31 30 32 2F 31 33 30 38 93 FA 00 00 00 00 00 00 04 38 2E 31 20 36 20 00 00 00 00 00 00 00 00 00
Zaimu.dat,1308,16761716,00 00 00 00 00 00 00 00 00 00 00 00 00 00 00 06 32 31 30 32 30 35 32 2F 31 33 30 38 93 FA 00 00 00 00 00 00 08 31 32 34 30 30 2E 30 20 00 00 00 00 00 00 00
Zaimu.dat,1308,16874163,00 00 00 00 00 00 00 00 00 00 00 00 00 00 00 06 32 31 30 32 31 30 32 2F 31 33 30 38 93 FA 00 00 00 00 00 00 06 2D 31 37 2E 36 20 00 00 00 00 00 00 00 00 00
Zaimu.dat,1308,17998831,00 00 00 00 00 00 00 00 00 00 00 00 00 00 00 00 00 00 00 00 32 30 30 35 31 33 30 38 8C 8E 31 32 93 FA 00 00 00 00 00 00 00 00 00 00 00 00 00 00 00 00 00 00
Zaimu.dat,1308,21392465,31 32 38 30 2C 31 31 32 34 3A 39 30 30 2C 31 30 31 39 2C 31 35 33 32 2C 31 33 30 38 2C 31 1F 68 74 74 70 73 3A 2F 2F 77 77 77 2E 62 65 6E 65 66 69 74 6A 61
Zaimu.dat,9984,7196868,31 34 34 39 33 2C 31 31 33 37 38 2C 31 36 32 31 33 3A 31 33 30 36 32 2C 39 39 38 34 2C 38 31 33 36 2C 31 1B 68 74 74 70 3A 2F 2F 77 77 77 2E 74 6F 6D 6F 6E
Zaimu.dat,9984,10584890,30 31 39 94 4E 33 8C 8E 3A 31 33 31 31 32 30 2C 31 31 36 36 35 39 2C 39 39 39 38 34 2C 39 37 32 39 37 3A 38 33 30 30 2C 36 30 33 39 2C 35 34 33 30 2C 35 37
Zaimu.dat,9984,16236631,31 33 31 39 36 2C 31 32 33 31 30 2C 31 34 38 33 33 2C 31 33 37 34 30 3A 39 39 38 34 2C 39 31 37 38 1E 68 74 74 70 3A 2F 2F 77 77 77 2E 61 73 61 68 69 2D 69
Zaimu.dat,4755,4380742,94 4E 33 8C 8E 2C 32 30 31 39 94 4E 33 8C 8E 3A 38 36 35 31 36 36 2C 37 34 37 35 35 39 2C 38 33 31 30 33 34 2C 39 39 31 33 36 35 3A 32 39 34 33 30 2C 36 33
Zaimu.dat,4755,8282184,35 30 2C 33 39 36 38 35 33 2C 33 38 35 32 39 35 2C 33 35 38 36 35 34 3A 34 37 35 35 35 2C 34 35 38 37 38 2C 34 30 30 34 38 2C 33 38 33 37 38 3A 34 38 33 31
Zaimu.dat,2802,7651538,8C F5 82 C9 92 8D 97 CD 30 30 30 2C 36 31 34 30 30 3A 33 36 30 32 35 2C 32 38 30 32 34 2C 33 38 30 30 30 2C 33 35 39 30 30 3A 16 68 74 74 70 3A 2F 2F 77 77
Zaimu.dat,2802,16270811,2C 31 38 34 37 32 2C 31 36 34 35 31 2C 31 35 34 34 32 3A 32 38 32 30 2C 32 38 30 32 2C 32 30 34 36 2C 31 37 30 30 3A 32 38 37 36 2C 32 38 35 36 2C 32 30 37
Zaimu.dat,1001,2588769,93 8C 8F D8 83 76 83 89 83 43 83 80 31 39 34 39 E5 B9 B4 39 E6 9C 88 2C 31 30 30 31 0A 32 04 89 BB 8A 77 83 76 83 89 83 43 83 80 E3 82 A4 E3 83 A0 31 04 64
Zaimu.dat,1001,4643720,34 2C 38 33 39 2C 35 33 36 2C 33 39 33 3A 32 34 34 39 2C 31 38 31 33 2C 31 30 30 31 2C 37 30 35 2C 35 33 35 18 68 74 74 70 73 3A 2F 2F 77 77 77 2E 61 78 65
Zaimu.dat,1001,5774112,93 8C 8F D8 83 76 83 89 83 43 83 80 31 39 36 32 E5 B9 B4 38 E6 9C 88 2C 31 30 30 31 30 31 08 90 B8 96 A7 8B 40 8A ED 83 43 83 80 E3 82 A4 E3 83 A0 34 31 64
Zaimu.dat,1001,7250646,34 34 33 2C 31 33 30 30 2C 2D 34 36 39 2C 32 32 33 38 3A 32 35 32 36 2C 31 30 30 31 2C 2D 37 32 34 2C 31 36 1B 68 74 74 70 3A 2F 2F 77 77 77 2E 69 63 68 69
Zaimu.dat,1001,7941954,00 00 00 00 00 00 00 00 00 C8 A9 40 00 00 00 00 00 C0 A8 40 00 06 32 31 31 30 30 31 00 00 00 00 00 00 00 00 00 00 00 00 00 00 05 33 00 00 00 00 00 00 00 00
Zaimu.dat,1001,10943800,00 00 00 00 00 00 00 00 00 00 00 00 00 00 00 00 00 00 00 00 00 06 32 31 31 30 30 31 31 2F 31 30 30 37 93 FA 00 00 00 00 00 00 05 33 32 2E 33 20 00 00 00 00
Zaimu.dat,1001,11594037,00 00 00 00 00 00 00 00 00 00 00 00 00 00 00 00 00 00 00 00 00 06 32 31 31 30 30 31 34 2F 30 31 32 39 93 FA 00 00 00 00 00 00 05 31 37 2E 30 20 20 00 00 00
Zaimu.dat,1001,13801912,3A 38 31 30 35 2C 31 35 32 34 37 2C 31 33 31 39 33 2C 31 31 36 33 35 3A 31 30 30 31 32 2C 17 68 74 74 70 3A 2F 2F 77 77 77 2E 73 61 6D 74 79 2E 63 6F 2E 6A
Zaimu.dat,1001,15325121,8A 42 97 70 83 4E 83 89 83 62 83 60 82 E0 93 57 8A 4A 34 39 38 2C 81 7C 31 30 30 31 2C 81 7C 34 37 38 2C 35 38 36 3A 81 7C 32 32 39 2C 37 39 31 2C 81 7C 37
Zaimu.dat,1001,18324201,31 31 35 38 3A 31 36 35 31 2C 31 32 37 32 2C 31 30 36 39 2C 36 34 33 3A 31 30 30 31 2C 37 39 33 2C 36 31 33 2C 34 33 33 3A 39 30 36 2C 31 30 36 31 2C 35 36
Zaimu.dat,1001,18339228,4A 35 31 2C 31 32 37 32 2C 31 30 36 39 3A 34 39 39 33 2C 32 32 36 37 2C 31 30 30 31 2C 37 39 33 2C 36 31 19 68 74 74 70 73 3A 2F 2F 77 77 77 2E 6A 61 6C 63
Zaimu.dat,1001,19238472,32 2C 2D 39 39 31 2C 2D 31 31 38 37 2C 2D 38 31 36 3A 2D 35 33 35 2C 2D 31 30 30 31 2C 2D 37 33 31 36 2C 2D 38 35 14 68 74 74 70 3A 2F 2F 77 77 77 2E 67 2D
Zaimu.dat,1001,21901336,3A 31 37 30 35 2C 39 36 33 2C 38 35 32 2C 31 34 34 38 2C 81 7C 37 37 3A 31 30 30 31 2C 31 32 1A 68 74 74 70 73 3A 2F 2F 77 77 77 2E 6C 6F 63 6F 6E 64 6F 2E
Zaimu.dat,1010,2001825,00 00 00 00 00 00 00 00 00 00 00 00 00 00 00 00 00 00 00 00 00 00 00 2F 31 30 31 30 93 FA 00 00 00 00 00 00 00 00 00 00 00 00 00 00 00 00 00 00 00 00 00 00
Zaimu.dat,1010,2532754,AD 8E E8 82 AA 82 AF 82 E9 31 37 3A 31 30 35 31 36 2C 31 32 33 33 35 2C 31 30 31 30 30 2C 31 30 31 38 30 3A 32 30 31 39 2F 30 35 17 68 74 74 70 3A 2F 2F 77
Zaimu.dat,1010,3258298,00 00 00 00 00 00 00 00 00 00 00 00 00 00 00 00 31 39 30 34 30 33 38 2F 31 30 31 30 93 FA 00 00 00 00 00 00 00 00 00 00 00 00 00 00 00 00 00 00 00 00 00 00
Zaimu.dat,1010,3723820,81 42 8A 43 8A 4F 93 57 8A 4A 8B AD 89 BB 31 36 36 38 2C 31 31 37 37 2C 31 30 31 30 2C 39 31 36 2C 31 31 36 32 3A 31 37 33 39 2C 31 32 36 30 2C 31 30 36 39
Zaimu.dat,1010,4808106,00 00 00 00 00 00 00 00 00 00 00 00 00 00 00 00 00 00 00 00 06 32 31 31 31 30 31 30 2F 33 31 30 34 93 FA 00 00 00 00 00 00 05 32 37 2E 31 20 20 00 00 00 00
Zaimu.dat,1010,8008423,83 93 8A E9 8B C6 82 D6 82 CC 92 45 94 E7 96 CD 8D F5 92 86 31 34 37 2C 31 30 31 30 32 37 35 2C 2D 2D 2C 31 30 31 38 30 32 31 3A 35 37 32 35 32 38 2C 36 31
Zaimu.dat,1010,12185807,00 00 00 00 00 00 00 00 00 00 00 00 00 00 00 00 00 00 00 00 00 00 06 32 31 30 31 30 38 31 30 8C 8E 30 37 93 FA 00 00 00 00 00 00 05 35 37 2E 34 20 00 00 00
Zaimu.dat,1010,12701866,38 2C 31 31 33 39 2C 39 35 33 3A 35 31 36 2C 33 33 31 2C 31 31 37 39 2C 31 30 31 30 3A 33 35 37 2C 31 37 33 2C 37 36 38 2C 36 34 30 3A 35 33 2E 34 32 2C 17
Zaimu.dat,1010,13405904,2C 31 39 30 33 2C 32 30 39 31 3A 31 35 36 34 2C 31 39 39 2C 39 36 30 2C 31 30 31 30 3A 18 68 74 74 70 3A 2F 2F 77 77 77 2E 74 65 6E 70 6F 73 2E 63 6F 2E 6A
Zaimu.dat,1010,13647621,00 00 00 00 00 00 00 00 00 00 00 00 00 00 00 00 00 00 00 00 32 30 30 31 31 30 31 30 8C 8E 31 33 93 FA 00 00 00 00 00 00 00 32 2E 37 20 00 00 00 00 00 00 00
Zaimu.dat,1010,15038759,30 32 30 94 4E 32 8C 8E 2C 32 30 31 39 94 4E 32 8C 8E 3A 39 38 36 34 2C 31 30 31 30 32 2C 31 30 36 39 30 2C 31 30 37 39 37 3A 33 37 34 2C 34 31 38 2C 34 30
Zaimu.dat,1010,15246119,00 00 00 00 00 00 00 00 00 00 00 00 00 00 00 00 00 00 00 00 00 00 06 32 31 30 31 30 38 31 2F 30 38 31 32 93 FA 00 00 00 00 00 00 05 37 31 2E 38 20 20 00 00
Zaimu.dat,1010,15515014,00 00 00 00 00 00 00 00 00 00 00 00 00 00 00 00 00 00 00 00 00 00 06 32 31 30 31 30 38 31 2F 30 39 00 00 00 00 00 00 00 00 00 00 06 2D 31 30 2E 37 20 00 00
Zaimu.dat,1010,15857251,00 00 00 00 00 00 00 00 00 00 00 00 00 00 00 00 32 30 31 34 2F 30 32 2F 31 30 31 30 93 FA 00 00 00 00 00 00 00 00 00 00 00 00 00 00 00 00 00 00 00 00 00 00
Zaimu.dat,1010,16205872,C9 93 A5 82 DD 8F 6F 82 B7 31 35 32 2C 38 39 35 2C 81 7C 38 32 3A 81 7C 31 30 31 30 2C 81 7C 31 31 34 31 2C 31 37 35 2C 37 37 30 16 68 74 74 70 73 3A 2F 2F
Zaimu.dat,1010,16212185,31 3A 31 33 39 35 31 2C 38 36 32 37 2C 39 38 34 31 2C 31 30 36 37 36 3A 31 30 31 30 32 2C 36 34 35 35 1F 68 74 74 70 3A 2F 2F 77 77 77 2E 6E 00 00 00 00 00
Zaimu.dat,1010,17348396,00 00 00 00 00 00 00 00 00 00 00 00 00 00 00 06 31 39 30 33 30 38 38 2F 31 30 31 30 93 FA 00 00 00 00 00 00 06 2D 32 38 2E 31 20 00 00 00 00 00 00 00 00 00
Zaimu.dat,1010,37461053,82 63 90 BB 91 A2 91 95 92 75 82 F0 8E E8 82 AA 82 AF 82 E9 37 33 35 2C 31 30 31 30 2C 34 36 38 3A 31 36 32 2C 34 36 39 2C 36 37 38 2C 39 31 31 2C 33 39 36
Zaimu.dat,1324,3569227,00 00 00 00 00 00 00 00 00 00 00 00 00 00 32 34 31 30 33 31 37 36 2C 31 31 33 32 34 3A 31 30 38 39 2C 01 30 34 39 1D 68 74 74 70 3A 2F 2F 77 77 77 2E 61 69
Zaimu.dat,1324,4253681,2C 32 31 33 34 3A 31 38 31 30 2C 38 39 33 2C 39 33 39 2C 32 30 36 37 3A 31 33 32 34 2C 36 35 31 2C 36 32 34 2C 31 32 39 31 3A 33 32 17 68 74 74 70 3A 2F 2F
Zaimu.dat,1324,15594239,5E 82 E2 8E F7 8E 89 90 AC 8C 60 95 69 82 E0 33 39 30 2C 31 35 32 34 2C 31 33 32 34 2C 31 36 31 34 3A 31 32 36 39 2C 31 36 30 36 2C 31 36 34 31 2C 31 34 1F
Zaimu.dat,1324,42955889,C6 8B C6 8E D2 8A D4 82 CC 92 86 8C C3 8E D4 94 84 94 83 92 87 89 EE 2C 31 33 32 34 2C 31 31 36 33 00 00 00 00 00 00 00 00 00 00 00 00 00 00 00 00 00 00 00
Zaimu.dat,1553,6663944,2C 38 35 31 38 32 31 35 3A 31 37 34 33 31 32 2C 31 35 30 35 38 36 2C 32 31 35 35 33 30 2C 32 31 32 32 35 36 3A 31 36 37 30 36 38 2C 31 33 38 38 30 31 2C 32
Zaimu.dat,1553,16474993,4A 94 AD 31 2C 31 37 35 39 2C 38 37 34 2C 31 38 35 36 3A 33 37 34 30 2C 31 35 35 33 2C 31 37 37 36 2C 38 34 32 1C 68 74 74 70 73 3A 2F 2F 77 77 77 2E 6E 69
Zaimu.dat,1738,1418076,32 38 32 36 30 2C 32 31 32 38 33 2C 34 34 33 32 35 2C 34 35 31 33 33 3A 31 37 33 38 32 18 68 74 74 70 3A 2F 2F 77 77 77 2E 61 62 63 2D 6D 61 72 74 2E 63 6F
Zaimu.dat,1738,15075591,FC 82 54 8A 84 92 B4 36 2C 32 37 38 36 2C 31 35 34 39 2C 31 36 33 35 3A 31 37 33 38 2C 32 33 34 35 2C 33 30 38 35 2C 31 37 1A 68 74 74 70 73 3A 2F 2F 74 65
Zaimu.dat,1777,6918125,33 8C 8E 2C 32 30 32 30 94 4E 33 8C 8E 2C 32 30 31 39 94 4E 33 8C 8E 3A 31 37 37 37 39 33 2C 31 37 35 39 36 33 2C 31 38 32 34 30 32 2C 31 38 33 36 34 35 3A
Zaimu.dat,1777,13298281,4E 31 32 8C 8E 2C 32 30 31 38 94 4E 31 32 8C 8E 3A 31 35 36 38 32 2C 31 31 37 37 37 2C 31 31 36 31 35 2C 31 33 32 37 36 3A 34 36 31 2C 33 32 31 2C 34 37 31
Zaimu.dat,1777,14760136,82 E0 81 42 82 72 82 61 82 68 8E 50 89 BA 32 31 35 35 2C 31 38 35 38 2C 31 37 37 37 3A 31 34 35 34 2C 31 33 31 38 2C 31 32 33 30 2C 31 32 32 30 3A 31 1D 68
Zaimu.dat,1777,14955660,4E 33 8C 8E 3A 32 30 30 36 37 2C 32 31 30 38 31 2C 31 37 35 30 30 2C 32 31 37 37 37 3A 32 33 37 33 2C 31 36 35 38 2C 37 32 38 2C 32 33 34 37 3A 32 36 31 39
Zaimu.dat,1869,2481014,8A 67 8F 5B 31 32 38 30 2C 31 31 35 32 2C 31 33 30 31 3A 34 32 38 36 2C 31 38 36 39 2C 31 37 39 37 2C 31 34 12 68 74 74 70 73 3A 2F 2F 74 69 67 65 72 73 2E
Zaimu.dat,1869,4566573,32 32 37 31 2C 31 38 30 38 3A 34 37 31 2C 32 32 36 39 2C 32 32 36 39 2C 31 38 36 39 3A 31 32 30 38 2C 2D 32 31 37 2C 39 37 34 2C 31 30 32 37 3A 16 68 74 74
Zaimu.dat,1869,9524011,30 38 31 2C 31 39 30 35 2C 32 35 38 39 2C 33 39 32 39 3A 34 31 39 37 2C 31 38 36 39 2C 32 34 32 30 2C 33 35 32 32 3A 32 38 39 32 2C 31 34 35 38 2C 31 35 38
Zaimu.dat,1869,10740403,39 33 31 2C 31 37 31 30 2C 32 32 36 33 3A 31 36 32 35 2C 31 38 32 34 2C 31 38 36 39 2C 31 36 1B 68 74 74 70 73 3A 2F 2F 77 77 77 2E 6E 61 6E 74 61 74 73 75
Zaimu.dat,1869,10927118,2C 32 30 31 39 94 4E 33 8C 8E 3A 31 31 35 36 37 2C 31 30 38 34 34 2C 31 31 38 36 39 2C 31 32 37 37 31 3A 31 33 38 2C 31 35 31 2C 31 31 34 2C 35 31 34 3A 32
Zaimu.dat,1869,14276124,31 31 37 2C 31 37 36 37 2C 32 33 36 36 3A 31 37 36 39 2C 32 32 34 32 2C 31 38 36 39 2C 32 34 31 31 3A 31 34 30 31 2C 33 30 34 2C 31 30 39 31 2C 31 35 34 17
Zaimu.dat,1869,22757599,C5 83 67 83 62 83 76 83 56 83 46 83 41 38 37 2C 38 39 36 2C 38 30 36 3A 31 38 36 39 2C 31 37 38 36 2C 31 33 30 36 2C 39 33 37 2C 1B 68 74 74 70 73 3A 2F 2F
Zaimu.dat,1892,865596,95 73 93 AE 8E 59 8A 4A 94 AD 82 E0 36 35 31 39 2C 32 30 35 32 35 36 2C 31 38 39 32 32 33 3A 32 33 30 30 39 34 2C 31 38 34 36 39 37 2C 32 31 33 39 30 35 2C
Zaimu.dat,1892,14799203,2C 32 30 30 30 94 4E 31 30 8C 8E 34 93 FA 2C 31 30 30 2C 31 38 33 34 2C 31 38 39 32 2C 34 32 2E 38 2C 36 36 39 30 E3 8D 82 94 E4 97 A6 82 AA 96 F1 82 56 8A
Zaimu.dat,1892,17835277,30 31 38 94 4E 39 8C 8E 3A 32 31 35 37 2C 32 31 39 35 2C 31 37 39 31 2C 31 38 39 32 3A 32 31 39 2C 31 39 2C 2D 34 31 33 2C 2D 33 33 35 3A 32 32 2C 2D 38 33
Zaimu.dat,2035,6351034,2C 36 35 33 34 31 2C 36 31 36 34 37 2C 36 30 30 38 33 3A 32 32 33 33 2C 32 30 33 35 2C 32 31 32 31 2C 31 38 34 39 3A 32 34 32 30 2C 31 39 36 38 2C 32 33 31
Zaimu.dat,2035,7695518,34 36 36 33 39 2C 33 30 30 32 30 34 33 3A 2D 31 35 33 39 33 38 2C 2D 35 32 30 33 35 38 2C 33 38 30 38 34 31 2C 34 38 34 38 36 30 3A 2D 31 37 39 35 30 31 2C
Zaimu.dat,2467,14672123,31 38 33 3A 32 33 33 33 2C 32 32 38 37 2C 32 35 38 32 2C 32 33 30 31 3A 32 34 36 37 2C 32 33 30 37 2C 32 35 39 35 2C 32 33 30 35 3A 31 35 38 30 2C 31 34 32
Zaimu.dat,2467,14684161,33 33 33 2C 32 32 38 37 2C 32 35 38 32 3A 33 35 39 36 2C 32 37 31 31 2C 32 34 36 37 2C 32 33 17 68 74 74 70 3A 2F 2F 77 77 77 2E 72 79 6F 79 75 2E 63 6F 2E
Zaimu.dat,2467,17727601,E0 33 37 37 2C 31 38 35 36 2C 35 32 37 2C 31 34 34 37 3A 32 38 30 36 2C 32 34 36 37 2C 31 39 31 34 2C 35 34 31 1C 68 74 74 70 73 3A 2F 2F 77 77 77 2E 74 72
Zaimu.dat,2467,37171267,33 8C 8E 2C 32 30 31 39 94 4E 33 8C 8E 3A 33 38 30 36 2C 34 30 33 34 2C 32 34 36 37 2C 32 33 37 39 3A 31 31 36 2C 32 34 35 2C 36 2C 35 35 3A 31 31 30 2C 32
Zaimu.dat,2551,1644291,8C FC 82 AF 83 8A 83 54 83 43 83 4E 83 8B 90 DD 94 F5 93 99 82 E0 33 2C 32 35 35 31 2C 32 31 39 30 2C 32 31 30 35 3A 32 38 31 36 2C 32 39 38 34 2C 32 38 31
Zaimu.dat,2551,8888436,39 32 30 3A 32 32 36 38 2C 33 34 31 32 2C 33 30 36 37 2C 31 35 35 39 3A 32 35 35 31 2C 33 39 31 30 2C 33 34 30 32 2C 31 38 36 38 3A 32 30 31 30 2C 32 39 37
Zaimu.dat,2551,8895745,36 38 2C 33 34 31 32 2C 33 30 36 37 3A 32 32 36 39 2C 81 7C 37 39 31 2C 32 35 35 31 20 68 74 74 70 73 3A 2F 2F 77 77 77 2E 68 61 67 6F 72 6F 6D 6F 66 6F 6F
Zaimu.dat,2551,10246195,81 42 8C F6 93 49 8E 91 8B E0 82 CD 8A AE 8D CF 2C 2D 3A 31 39 35 32 2C 32 35 35 31 2C 32 33 31 34 2C 31 36 32 34 2C 32 36 31 39 BE 40 00 1D 68 74 74 70 73
Zaimu.dat,2551,11460059,31 34 37 39 2C 33 00 00 00 00 00 00 00 00 00 00 00 00 00 00 00 00 3A 38 32 35 35 31 2C 34 00 00 00 00 00 00 00 00 37 34 2C 36 34 36 38 39 00 00 00 00 00 00
Zaimu.dat,2902,3185601,87 95 A8 90 B6 8E 59 37 2C 34 37 32 37 2C 32 38 36 35 2C 32 32 38 37 2C 32 39 30 32 3A 35 34 37 34 2C 35 39 30 35 2C 33 38 1C 68 74 74 70 73 3A 2F 2F 77 77
Zaimu.dat,2902,11494229,33 8C 8E 2C 32 30 32 00 00 00 00 00 F8 84 40 00 00 00 00 00 70 7E 40 3A 32 39 30 32 36 2C 32 00 00 00 00 00 E0 80 40 30 33 2C 33 38 30 34 35 00 00 00 00 00
Zaimu.dat,3057,2317635,8B C9 8D DE 82 E0 8C 70 91 B1 38 36 34 2C 32 33 31 35 2C 32 35 34 35 2C 33 30 35 37 3A 33 37 33 35 2C 32 31 38 32 2C 31 38 35 37 2C 32 31 1D 68 74 74 70 3A
Zaimu.dat,3066,924275,AD 89 BB 92 86 2C 33 31 37 31 36 3A 34 35 32 31 37 2C 33 38 31 38 36 2C 33 30 36 36 39 2C 33 33 34 33 31 3A 32 37 37 36 36 16 68 74 74 70 3A 2F 2F 77 77 77
Zaimu.dat,3260,8988702,8F EA 94 70 8E 7E 32 30 36 34 38 2C 31 34 32 32 35 2C 32 39 37 36 32 2C 33 32 36 30 39 3A 32 35 33 32 32 2C 32 30 1C 68 74 74 70 73 3A 2F 2F 77 77 77 2E 70
Zaimu.dat,3260,12381369,00 00 00 00 00 00 00 00 00 00 00 00 00 00 00 00 00 00 00 00 06 32 31 30 33 32 36 30 39 8C 8E 33 30 93 FA 00 00 00 00 00 00 06 2D 32 38 2E 31 20 00 00 00 00
Zaimu.dat,3346,3632719,8E 2C 32 30 32 30 94 4E 33 8C 8E 2C 32 30 31 39 94 4E 33 8C 8E 3A 36 33 33 33 34 36 2C 35 32 32 39 33 36 2C 34 37 33 31 30 39 2C 34 39 37 37 30 31 3A 36 30
Zaimu.dat,3346,20125152,92 B7 91 A3 90 69 8D DC 82 C9 82 E0 92 8D 97 CD 30 39 3A 33 37 36 36 2C 33 33 34 36 2C 32 30 30 31 2C 31 35 31 32 2C 31 30 37 37 3A 33 38 30 30 2C 33 33 38
Zaimu.dat,3384,5397222,8F AC 8C 61 83 70 83 43 83 76 82 AA 8E E5 97 CD 35 33 2C 34 36 32 38 2C 33 33 38 34 2C 37 31 33 2C 31 32 37 35 3A 32 35 35 38 2C 34 39 34 36 2C 33 37 38 31
Zaimu.dat,3384,8057287,33 30 39 39 32 34 2C 35 38 36 36 38 32 34 2C 36 32 34 31 34 32 32 2C 36 33 33 38 34 39 30 3A 34 36 32 33 30 2C 31 34 33 34 36 30 2C 32 31 31 38 34 31 2C 33
Zaimu.dat,3384,8648844,2C 32 30 31 39 94 4E 33 8C 8E 3A 33 31 35 33 35 2C 33 33 37 39 36 2C 33 33 33 38 34 2C 33 34 37 33 37 3A 39 33 33 2C 31 38 32 34 2C 31 36 30 35 2C 31 35 36
