"未解決事項","判定","根拠","次工程"
"企業識別規則","手掛かり候補あり又は未確認","Phase 1の名称・拡張子・配置による候補分類のみ。内容未読。","対象を限定した別Phase 2指示とNori承認が必要"
"財務項目名","手掛かり候補あり又は未確認","Phase 1の名称・拡張子・配置による候補分類のみ。内容未読。","対象を限定した別Phase 2指示とNori承認が必要"
"単位・倍率","手掛かり候補あり又は未確認","Phase 1の名称・拡張子・配置による候補分類のみ。内容未読。","対象を限定した別Phase 2指示とNori承認が必要"
"内部キー","手掛かり候補あり又は未確認","Phase 1の名称・拡張子・配置による候補分類のみ。内容未読。","対象を限定した別Phase 2指示とNori承認が必要"
"株式分割・併合","手掛かり候補あり又は未確認","Phase 1の名称・拡張子・配置による候補分類のみ。内容未読。","対象を限定した別Phase 2指示とNori承認が必要"
"コード変更","手掛かり候補あり又は未確認","Phase 1の名称・拡張子・配置による候補分類のみ。内容未読。","対象を限定した別Phase 2指示とNori承認が必要"
"上場廃止等の履歴","手掛かり候補あり又は未確認","Phase 1の名称・拡張子・配置による候補分類のみ。内容未読。","対象を限定した別Phase 2指示とNori承認が必要"
"日足・週足・月足関連","手掛かり候補あり又は未確認","Phase 1の名称・拡張子・配置による候補分類のみ。内容未読。","対象を限定した別Phase 2指示とNori承認が必要"
"データ更新方式","手掛かり候補あり又は未確認","Phase 1の名称・拡張子・配置による候補分類のみ。内容未読。","対象を限定した別Phase 2指示とNori承認が必要"
